1,140103008,AMBER SEN,amber.sen
2,140103054,PRAVIN KUMAR,pravin.2014
3,140103056,RAHUL MEENA,rahul.meena
4,140103057,RAMAVATH VENKATA SAI NITESH,ramavath
5,140103064,SHRAV SAMFEL KATOCH,s.katoch
6,140103071,SUMEDH DILIP WANKHADE,sumedh
7,150103001,AASHIT RATHORE,aashit
8,150103002,ABHIJEET,abhijeet.2015
9,150103004,ABHISHEK SARATHE,a.sarathe
10,150103005,AKSHAT MANDLOI,a.mandloi
11,150103006,ALANKAR JHA,j.alankar
12,150103007,ALBERT TOMY,t.albert
13,150103008,AMAN ANAND,aman.anand
14,150103009,AMANDEEP SAHU,amandeep.sahu
15,150103010,AMARJITH VISHNU,amarjith
16,150103011,ANKUR SHILEDAR,a.shiledar
17,150103012,ARUN.V.KAMMATH,arun.kammath
18,150103014,ASHMIL C IBRAHIM,ashmil
19,150103015,BANDARU MUTYALA NAIDU,b.naidu
20,150103016,BANDRAPALLI TEJA,bandrapalli
21,150103018,BEJAWADA THARUNKUMAR,bejawada
22,150103019,BHASKAR SNEHI,b.snehi
23,150103020,BHASWATI GOHAIN BARUA,b.bhaswati
24,150103022,BISHAL RAJ GAYAN,b.gayan
25,150103023,DARBHAMULLA NIHAR BHARDWAJ,darbhamulla
26,150103025,DEEPAK NAGAR,d.nagar
27,150103026,DESHMUKH SANDESH NITIN,d.nitin
28,150103027,DEVANSH GUPTA,devansh
29,150103028,DHONDE SHUBHAM PRAKASH,dhonde
30,150103029,DIPTANSHU AGARWAL,diptanshu
31,150103030,DIWAKAR KUMAR,k.diwakar
32,150103032,GAURAV AGARWAL,gaurav.agarwal
33,150103034,GURUDAYAL,gurudayal
34,150103035,HIRE RONIT JAISINGH,h.jaisingh
35,150103036,JASBIR SARMAL,jasbir
36,150103037,JASTI MAHESH KUMAR,jasti.kumar
37,150103038,JATIN SONI,s.jatin
38,150103039,JITENDER PRAKASH,j.prakash
39,150103040,KATRAVATH VIGNESH,v.katravath
40,150103041,KOTKAR PRANAY SANTOSH,s.kotkar
41,150103042,KUSH GUPTA,kush.gupta
42,150103045,MANGE SAURABH ASHOK,mange.ashok
43,150103046,MUKESH KHOD,mukesh.khod
44,150103047,MUKESH MALVIYA,m.mukesh
45,150103050,PAPPALA DINESH CHANDRA,c.pappala
46,150103051,PARMAR HARSHARAJSINH BIRENDRASINH,parmar
47,150103055,RAJESH KUMAR MANDAL,rajesh.mandal
48,150103057,RISHIRAJ KUMAR THAKUR,r.thakur
49,150103058,ROHAN AGRAWAL,rohan.2015
50,150103059,ROHAN KUMAR,rohan.kumar
51,150103061,SANJAY SOREN,s.soren
52,150103062,SATYAM SAURABH,satyam.saurabh
53,150103063,SHAIK SULTAN BASHA,shaik.basha
54,150103065,SHIVAM SINGH,shivam.mech
55,150103067,SOMKUWAR CHIRAG ANANTRAO,s.anantrao
56,150103068,SOMNATH VATS,v.somnath
57,150103069,SUDARSHAN ANAND KAMATH,s.kamath
58,150103070,SUHAS MASANA,suhas.masana
59,150103071,SURAJ SAROJ,suraj.saroj
60,150103073,TIRPUDE SWAPNIL PYARELAL,tirpude
61,150103074,UTTAMKUMARSINGH MANOJSINGH,u.manojsingh
62,150103075,V VENKATESH,v.venkatesh
63,150103076,VIPUL KUMAR VIJAY,vipul.vijay
64,150103077,VISHAK R,vishak.r
65,150103078,VISHAL BANSKUWA,v.banskuwa
66,150103079,VISHAL KUMAR BHARTI,vishal.bharti
67,150103080,Y BISHAL SINGHA,bishal.singha
68,150103081,PROMIT CHAKRABORTI,promit
69,150103082,MEGHDEEP JANA,meghdeep
70,150103083,VAIBHAVI SRIVASTAVA,vaibhavi
71,150103084,ABHINANDAN GOGOI,g.abhinandan
72,150103085,SANDIPAN HALDAR,h.sandipan
73,150103086,ARNOB DUTTA,arnob.dutta
74,150103087,SUBODH KUMAR SINGH,s.subodh
