1,160101001,AADIL HODA,aadil
2,160101002,AAYUSH SANJAY AGARWAL,aayush2016
3,160101003,ABHAY KSHATRIYA,kshatriya.abhay
4,160101004,ABHINAV HINGER,abhinavh
5,160101005,ABHINAV MISHRA,abmishra1
6,160101006,ABHISHEK BHARDWAJ,abhardwaj1998
7,160101007,ABHISHEK KUMAR KOTIYA,iitianakk
8,160101008,ABHISHEK RANJAN,avisek.ranjan
9,160101009,ABHISHEK SURYAVANSHI,abhishek_7
10,160101010,ADITYA CHOUHAN,adityachouhan
11,160101011,AKHIL CHANDRA PANCHUMARTHI,akhil.ch
12,160101012,ANSH SOOD,ansh.sood
13,160101013,APURVA N SARAOGI,apurva9
14,160101014,ARPAN KONAR,arpankonar10
15,160101015,ARPIT GUPTA,arpitgupta
16,160101016,ASHVEEN BANSAL,ashveenbansal
17,160101018,AVINASH UCHCHAINIYA,iitianavinash3142
18,160101019,BALABOLU TUSHARA LANGULYA,tusharalangulya
19,160101020,BEDADHALA MANOJ REDDY,manoj.reddy159
20,160101021,BHADKE RAJAS JAGANNATH,rajas112
21,160101022,BODDU HARI,hariboddu_98
22,160101023,CHANDRA PRAKASH MEENA,prakash.meena
23,160101024,DAMAN TEKCHANDANI,daman
24,160101025,DIVYAM AGARWAL,divyam.agarwal
25,160101026,DIVYANSH SHARMA,sharma.divyansh.501
26,160101027,DURGESH YADAV,dy_769.yadav
27,160101028,EKTA DHAN,ekta.dhan
28,160101029,GUDALA AJAYRAM,ajayram515
29,160101030,HARSHIT AGRAWAL,harshit2016
30,160101031,HARSHIT GUPTA,harshitgupta
31,160101032,HARSHIT SHARMA,harshitsharma_26
32,160101033,HARSHIT SRIVASTAVA,harshitsriv
33,160101034,HEMANT YADAV,hemant.yadav
34,160101035,INDERPREET SINGH CHERA,inderchera
35,160101036,JATIN GOYAL,jatingoyal
36,160101037,KAKUSTHAM ANURAG,kakusthamanurag
37,160101038,KANIKA AGARWAL,kanika28
38,160101039,KAPIL GOYAL,kapil.goyal
39,160101040,MALLALA BHARGAV,bhargav.mallala
40,160101042,MITANSH JAIN,mitansh1398
41,160101043,MOHIT SINGH,mohitsingh
42,160101044,MUKUL VERMA,mkv_1998
43,160101045,MYNENI LAKSHMISAIDURGA,saidurga
44,160101046,NAMIT KUMAR,namitkrarya
45,160101047,NIKHIL KUMAR,nikhilabcdenk
46,160101048,NITIN KEDIA,kedia_nitin
47,160101049,PANT ROHIT RAKESH,rohit.pant
48,160101050,PARANJAY BAGGA,paranjay14
49,160101051,PHOOL CHANDRA,phoolchandra
50,160101052,POREDDY SAI KIRAN REDDY,saikiranreddy.saikiran
51,160101054,RAVI VENKATA NAGA PAVAN KUMAR,pavan71198
52,160101055,RITIK AGRAWAL,ritik
53,160101056,SACHIN CHOUHAN,sachin16
54,160101057,SAHIB KHAN,sahib15khan
55,160101059,SAMYAK JAIN,samyakjain
56,160101060,SANCHIT JANGIR,sanchitjangir
57,160101061,SAURABH BAZARI,saurabh.bazari
58,160101063,SAVSANI KEVIN MUKESHBHAI,kevinmsavsani
59,160101064,SEELAM PRADEEPA,pradeepa.seelam
60,160101065,SHIMONA VERMA,shimona.verma
61,160101066,SHIVAM KUMAR,shivam2016
62,160101067,SHREYANSHI BHARADIA,shreyanshi
63,160101068,SHUBHENDU PATIDAR,shubhendupatidar
64,160101070,SHUBHANKER JAUHARI,shubhankerjauhari
65,160101071,SIDDHARTH SHARMA,siddharthks
66,160101072,SPARSH BANSAL,sparsh.bansal
67,160101073,SUJOY GHOSH,ghoshsujoy19
68,160101074,SUMEDH MANWAR,sumedhmanwar
69,160101075,VARUN KUMAR KEDIA,varunkedia
70,160101076,VIVEK RAJ,vivekraj
71,160101077,VYKUNTAM AKHIL,akhil.vykuntam
72,160101078,WAKADE YUGANDHAR MORESHWAR,wakade.yugandhar
73,160101079,YAGYANSH BHATIA,yagyansh
74,160101080,YASH RATHORE,yash16
75,160101081,DEBANGSHU BANERJEE,debangshu
76,160101082,AMEYA DAIGAVANE,ameya.daigavane
77,160101083,SHUBHAM GOEL,goelshubham17jan
78,160101084,NITESH JINDAL,nitesh_Jindal
79,160101085,AKUL AGRAWAL,akulagrawal
80,160101086,SHAURYA GOMBER,shaurya.gomber98
81,160101087,ARCHIT JUGRAN,architjugran
82,160101088,RISHABH JAIN,rishabh_jain
