1,140104030,HARIOM KISHORKUMAR DHOOT,hariom.dhoot
2,140104046,OJASV AGARWAL,ojasv
3,150104001,AAKARSH CHAUHAN,aakarsh
4,150104003,ABHISHEK JAIN,abhjain.2015
5,150104004,ABHISHEK PATHAK,abhishek.pathak
6,150104005,ADITYA AGARWAL,aditya.agarwal
7,150104008,APOORV TYAGI,apoorv.tyagi
8,150104009,ASHOK KUMAR,ashok.2015
9,150104011,BHASWATI DEKA,d.bhaswati
10,150104012,CHEEMALA HIMAJA,cheemala
11,150104014,DEVRANJAN MEENA,devranjan
12,150104015,DINESH KUMAR,dinesh.kumar
13,150104017,DOKKADI VANDANA,dokkadi
14,150104018,GAURAV KUMAR,gauravk.2015
15,150104019,GAURAV SINGH,gauravs.2015
16,150104020,GOURAV KUMAR,k.gourav
17,150104021,JAMBHULKAR ROHIT GOPAL,jambhulkar
18,150104022,JASWANT NAMA,jaswant
19,150104023,JYOTI PRAKASH BAL,jyoti.bal
20,150104024,KAPIL BHANWARIWAL,b.kapil
21,150104025,KONDREDDIGARI SHRIKAR REDDY,ks.reddy
22,150104026,KUNAL BHARDWAJ,kunal.bhardwaj
23,150104027,KUNAL KUMBHKAR,kunal.kumbhkar
24,150104028,LAKSHAY KHANNA,lakshay
25,150104029,MANISH KUMAR SINGH,manish.ks
26,150104030,MEHUL BHATIA,mehul.bhatia
27,150104031,MOHD UMAR KHAN,mohd.khan
28,150104032,MOTI RAM,moti.ram
29,150104033,NEERAJ KUMAR JAREDA,n.jareda
30,150104034,NISHANT KAJLA,n.kajla
31,150104035,NITIN KATIYAR,nitin.katiyar
32,150104037,PAKSHAJ BHARDWAJ,pakshaj
33,150104038,PALASH MATHUR,p.mathur
34,150104039,PRANSHU JANGID,p.jangid
35,150104040,PRATEEK CHOURASIA,c.prateek
36,150104041,PRATYAY PRAKASH NIGAM,pratyay
37,150104043,PUNEET YADAV,puneet.yadav
38,150104044,RAGHVENDRA SINGH SENGAR,r.sengar
39,150104045,RANJAN KUMAR CHOUDHARY,c.ranjan
40,150104046,RANJEET ROY,r.ranjeet
41,150104048,RITESH BIDUA,b.ritesh
42,150104049,ROHIT YADAV,y.rohit
43,150104051,SATYAM,satyam.2015
44,150104052,SHADAB AKHTER,shadab.akhter
45,150104053,SHARAD KUMAR,sharad.kumar
46,150104054,SHASHANK AGGARWAL,shashank.2015
47,150104055,SHIVAM,shivam.civ
48,150104056,SHIVAM PATHAK,shivam.pathak
49,150104057,SHIVSHANT TRIPATHI,shivshant
50,150104058,SHOBHIT ANAND,shobhit.anand
51,150104059,SHUBHAM CHAUDHARY,shubham.chaudhary
52,150104060,SHUBHAM KUMAR,shubham.kumar
53,150104062,SOUTREYA KUNDU,soutreya.kundu
54,150104064,SUBHASH SAURABH,subhash.saurabh
55,150104065,SUMIT KUMAR BHARTI,sumit.bharti
56,150104066,SURAJ KUMAR,suraj.2015
57,150104067,SUSHUMNA CH,sushumna.ch
58,150104068,TAMGADGE DHIRAJ RAJENDRA,tamgadge
59,150104069,TARUN GUPTA,tarun.gupta
60,150104070,TEJVEER SINGH,tejveer.singh
61,150104071,TELUGU NAVEEN,telugu.naveen
62,150104072,UTKARSH UJJWAL,u.utkarsh
63,150104073,VAIBHAV VISHAL,vaibhav.vishal
64,150104074,VIJAY MEENA,vijay.2015
65,150104075,VIKRAM AGARWAL,vikram.2015
66,150104076,VISHVAJEET KANT,vishvajeet
67,150104077,WILLIAM DUPAK,william
