1,174104006,NIPUN JAIN,nipun174104006
2,174104051,OKESH CHAUHAN,okesh174104051
3,174104073,ABDUL BASIR,basir174104073
4,174104074,SAYED JAMALUDDIN SADAT,jamal174104074
5,174104075,NARDOS SHEFERAW TEKLEGIORGIS,nardo174104075
6,174104102,SANJEET SALUNKE,sanje174104102
7,174104103,AVINASH PANDA,avina174104103
8,174104107,ABI ABRAHAM,abi174104107
9,174104108,PARAMITA SAHA,saha174104108
10,174104109,DANIEL PAPANG,danie174104109
11,174104141,MICHAEL SAMUEL PREETHAM RAJ,samue174104141
12,176104108,Alice Boruah,
13,176104110,Saibaba Ankala,
