1,140106040,PINGKU BRAHMA,pingku
2,150106017,DHRUV GURURANI,dhruv.gururani
3,150106037,RAKESH KUMAR YADAV,rakesh.yadav
4,150106048,TATINENI PRAKASH RAJ,tatineni
5,160103035,HIMANSHU MEENA,himanshu_meena
6,160106002,AMAN NAHAR,a.nahar
7,160106005,ASHWIN M DEVANGA,ashwinmdevanga
8,160106007,BALLA NAVEEN,naveenballa12
9,160106008,BIKASH DAS,bikashdas0108
10,160106009,D BEDADEEP,pupun_bedadeep
11,160106010,DEEPAK NAGAR,deepak.nagar0007
12,160106012,HRIDAYESH DEBBARMA,debbarmahridayesh
13,160106013,HRITUSHREE MOG,hritushree
14,160106014,ISHU KALRA,kalra
15,160106015,JAIN PAKSHAL RAVI,pakshal
16,160106016,JASMEET SINGH,jasmeets166
17,160106017,JUNU RANI BRAHMA,junu.rani
18,160106018,KARTHIK J,karthikj
19,160106022,MANAV AGRAWAL,manav190497
20,160106025,N SHARAN RAO,sharanrao
21,160106026,N SUDHEER,sudheer2016
22,160106027,NAMRATA GUPTA,namrata.gupta
23,160106028,NEHA MEENA,nehameena7
24,160106031,POTINI ADITYA,aditya.potini
25,160106032,PRASHANT KUMAR,prashant2016
26,160106033,PULKIT AGARWAL,pulkitagarwal
27,160106036,RAMTEKE ANIKET VISHWAJEET,aniket.ramteke
28,160106041,SARDAR JAY BHAGWAN,jay.sardar
29,160106043,SHUBHANG SHUKLA,shuubh8
30,160106044,SHWETANK PANWAR,panwar1997shwetank
31,160106046,SUJAL HARSH RANJAN,suvya131211
32,160106048,V PRASANNA VENKATESH,prasanna.v
33,160106052,VIPIN JAGRIT,vjagrit.007
34,160106053,VISHWAS MISHRA,vishwas17597
35,160106054,VIVEK KUMAR SAINI,vivek.ks901
36,160106056,YERRA PRAMOD REDDY,pramodangel1
