1,140106021,DEEPANSH MATHUR,deepansh
2,140106032,KARIPE UDAY KUMAR,karipe.kumar
3,150106001,AABHAS SINGHAL,aabhas
4,150106002,AKASH SATSANGI,a.satsangi
5,150106003,AMAN CHAUDHARY,c.aman
6,150106004,AMEY MULEY,a.muley
7,150106005,ANIL SHYAM MANOHAR RATHOUR,a.rathour
8,150106006,ANINDYA BISWAS,b.anindya
9,150106007,ANJANEY SHARMA,anjaney
10,150106009,ANUPAM BHARDWAJ,a.bhardwaj
11,150106010,ARIKTHA SRIVATHSAN,ariktha
12,150106012,ASHUTOSH BHAVSAR,a.bhavsar
13,150106013,AYUSH JAIN,ayush.jain
14,150106014,AYUSH KUMAR,ayush.kumar
15,150106015,CHITRANJAN CHHABA,chitranjan
16,150106016,DAVE URMIL MITHALAL,m.dave
17,150106018,GEDDAPU RAJENDRABABU,r.geddapu
18,150106020,GYAN PRAKASH,gyan.2015
19,150106021,HEMANT KUMAR,hemantk
20,150106022,JITIKA RAJPOOT,jitika
21,150106023,JYOTIRMAY SINGH,jyotirmay
22,150106024,KASIREDDY UDAY CHANDRA REDDY,r.kasireddy
23,150106025,KOMAL,komal.komal
24,150106026,MAN MOHIT VERMA,man.verma
25,150106027,MOHNEESH,mohneesh
26,150106028,NAKSHATRA SHARMA,nakshatra.sharma
27,150106029,NIKHIL GNANAVEL,n.gnanavel
28,150106030,NIKHIL JHA,nikhil.jha
29,150106031,POONAM,poonam.2015
30,150106033,PRASHANT KACHHAWAHA,p.kachhawaha
31,150106034,PRINCE KUMAR,prince.kumar
32,150106035,RAGHUNATH KATARIYA,k.raghunath
33,150106036,RAJDITYA SINGH SHAKTAWAT,rajditya
34,150106037,RAKESH KUMAR YADAV,rakesh.yadav
35,150106038,RAVIKANT GODARA,r.godara
36,150106039,SALONI VERMA,v.saloni
37,150106040,SAMKIT JAIN,samkit.jain
38,150106041,SAMYAK SINGH,s.samyak
39,150106043,SAURABH KUMAR CHANDRAKAR,s.chandrakar
40,150106044,SHUBHAM CHOUDHARY,c.shubham
41,150106045,SHUBHANKAR VERMA,v.shubhankar
42,150106047,SURAJ CHAURASIA,c.suraj
43,150106051,YACHEE GUPTA,yachee
