1,174106001,POULOMI ADHIKARI,poulo174106001
2,174106002,V S PAVAN KUMAR,pavan174106002
3,174106003,MONALISHA GHOSH DASTIDAR,monal174106003
4,174106004,JYOTIRMOY SETHY,jyoti174106004
5,174106005,JYOTI PRASAD KAKATI,jpkakati
6,174106006,MEDISETTI RAJ MOHAN NAIDU,mohan174106006
7,174106008,VIVEK SHARMA,vivek174106008
8,174106009,VIKKURTHI RAJESH,rajes174106009
9,174106010,MANOJ KUMAR S,sm.kumar
10,174106011,KUMAR GAURAV,kumar174106011
11,174106012,BHARAT BHUSHAN,bhara174106012
12,174106014,PRATAP NARAYAN ROY,roy174106014
13,174106016,M. SANJAY,m174106016
14,174106018,BISWARANJAN JENA,jena174106018
15,174106023,SHALINI SHOKEEN,shoke174106023
16,174106024,NETHI  JYOTHIRMAI,jyoth174106024
17,174106025,NAYAN MANI BANIA,bania174106025
18,174106028,SUJASHA GHOSH,ghosh174106028
19,174106030,RAVI,ravi174106030
20,174106033,FRANKLIN P M,frank174106033
21,174106034,UMESH,umesh174106034
22,174106035,CHHAVI BANSAL,chhav174106035
23,174106036,MOHANAPRIYA N,mohan174106036
24,174106038,IMNANARO,imnan174106038
25,174106040,KAMLESWAR C,ckamleswar
26,174106041,PAUSHALI??MUKHERJEE,paush174106041
27,174106043,GHADIR NOFAL ,ghadi174106043
28,174106045,VIVEK GUPTA,vivek174106045
29,174106047,ABHEEK SENGUPTA,abhee174106047
30,174106048,DIPANJALI SAHA,saha174106048
31,174106049,GAURANG DILIP GURJAR,gaura174106049
32,174106050,MONISHA V,monis174106050
33,174106051,PERWEZ BAKHT,bakht174106051
34,174106052,DISHANT GOYAL,goyal174106052
35,174106053,HARSHINI SP,harsh174106053
36,174106054,FERRIN ANTONY,ferri174106054
37,174106055,JYOTI YADAV,jyoti174106055
38,174106056,HIRAKJYOTI ROY,hirak174106056
39,174106057,GLORY BASUMATA,glory174106057
40,174106058,VISHNU K,vishn174106058
41,174106059,SHIKHA JHA,jha174106059
42,176106022,PRATIK DAS GUPTA,prati176106022
43,176106025,ALOK SENAPATI,alok176106025
44,176106028,POOJA RANI KURI,pooja176106028
45,176106104,Shabnam Bano,
46,176106109,Neha Joshi,
47,176106110,Khyati Raina,
48,176106114,Tasrin Shahnaz,
